From,To,length,well,inverse_rho_Ca,Al2O3,Au,CaO,Cr,Cr2O3,Cu,Fe2O3,FeO,GR,IPlin161,IPlin1610,IPlin641,IPlin6410,K,K2O,Litho,MagSusc,Mg,MgO,MnO,N16,N32,N64,N8,Na2O,Ni,P2O5,rho_ND,S,SP,Th,TiO2,U,Vp,Vs,Sc,SPR,caliper,Co,Ba,SiO2
24.23,25.81,1.58,1,Inverse relationship,0.00171328,0.078,5.63026,0.0012286,2.58218,1.48712,0.497075,-0.0500649,12.6691,84.6693,16.9992,204.89,50.9667,0.17289,2.01639,M1CC,0.315772,99.6344,-0.596892,4.11294,2761.39,2699.88,1334.98,1942.81,-0.552558,1.04022,386.902,2.6279,8.38304,138.4,1.2827,-0.104313,0.368325,5554.59,                              ,,999.798,6.04489,,,
25.81,28.81,3,1,Inverse relationship,0.12639,0,4.15305,0.102476,2.94442,1.58466,0.512477,-0.0402919,2.56227,66.2535,16.4043,110.803,34.4506,0.03704,6.03825,M1CC,0.365704,133.088,-0.462889,3.28301,3500.48,4165.54,3756.26,2265.92,-0.216976,0.743628,386.902,2.698,3.69152,119.51,0.313524,-0.035414,0.077645,5891.09,3348.89,,1096.49,6.03508,,,
28.81,31.81,3,1,Direct relationship,0.259665,0,3.34574,0.031228,2.68951,1.19452,0.783553,0.131713,3.78144,68.1387,16.9803,112.518,35.5093,0.06691,11.0656,M1CC,0.434685,147.895,-0.403576,2.42345,3976.41,5182.92,5788.56,2455.82,-0.720349,0.833506,343.802,2.6616,1.34576,-26.52,0.404484,0.171283,0.113111,5731.54,3057.74,,1130.67,6.03878,,,
31.81,34.81,3,1,Inverse relationship,0.102158,0,6.04563,-0.014112,2.5273,1.28762,0.209758,-0.232376,6.25418,68.9139,16.3865,117.559,36.0551,0.10216,16.5499,M1CC,0.348038,63.3143,-0.742378,4.51308,4223.11,5534.89,6402.51,2589.06,1.92871,0.743301,798.313,2.6869,5.39752,-83.57,0.637273,0.0522756,0.247536,5855.99,3321.12,,1170.65,6.04471,,,
34.81,37.81,3,1,Inverse relationship,0.170705,0,4.1372,-0.200402,1.86079,1.52088,0.344951,-0.146592,11.27,71.7712,18.4048,123.177,40.2515,0.28145,47.2623,M1CC,0.400942,70.6316,-0.713068,3.50076,4445.41,6068.15,7827.2,2668.98,2.35582,0.0602805,357.063,2.7103,4.41329,-194.69,0.674694,0.144783,0.395139,5966.59,3369.14,,1177.96,6.03952,,,
37.81,40.81,3,1,Direct relationship,0.227114,0,3.34329,-0.0550202,2.38093,1.71702,0.365058,-0.133833,11.863,74.0233,19.6731,126.36,41.3529,0.29068,44.6768,M1CC,0.450668,78.207,-0.682723,2.56953,4325.43,5818.03,7386.07,2621.45,2.88316,0.17406,368.431,2.6934,6.53994,-109.24,1.17653,0.240182,0.331056,5886.32,3333.01,,1170.47,6.04248,,,
40.81,43.81,3,1,Direct relationship,0.134988,0,2.50408,0.0868998,2.88869,1.02571,0.603705,0.0175943,4.35211,75.3187,19.3819,124.641,39.1302,0.07277,11.0656,M1CC,0.423749,171.625,-0.308523,3.04931,3765.36,4703.54,5185.57,2384.02,2.66558,0.675874,357.063,2.6681,8.20259,71.07,0.390141,0.0811843,0.158851,5757.75,                              ,,1118.69,6.03582,,,
43.81,46.81,3,1,Inverse relationship,0.212374,0,2.45255,0.154975,3.13225,2.16986,0.629533,0.0339828,3.29879,73.1758,17.7527,125.25,38.8266,0.06649,9.05465,M1CC,0.429544,170.106,-0.314607,2.97179,3732.67,4588.41,4626.6,2362.46,4.81675,0.81553,386.902,2.6661,8.38304,62.76,0.324219,0.171283,0.148721,5745.53,3351.92,,1109.01,6.05063,,,
46.81,47.81,1,1,Inverse relationship,0.263964,0,1.96816,0.169975,3.18592,1.43835,0.774311,0.125849,1.69703,74.2146,18.3396,129.211,39.0261,0.01482,0.00546,M1Cb1,0.42244,179.977,-0.275065,2.11222,3779.12,4702.24,5072.03,2384.37,2.6914,0.63937,343.802,2.7468,4.8644,68.16,0.234462,0.102384,0.0292296,6132.94,3534.09,,1114.16,6.04397,,,
47.81,48.81,1,1,Inverse relationship,0.150862,0,2.21868,-0.0896348,2.25709,2.10609,0.586644,0.0067688,1.13275,73.95,18.5351,128.651,40.3222,0.00554,1.78436,M1Cb1,0.45665,175.168,-0.294329,2.1601,3838.4,4762.18,4896.81,2408.74,3.38838,0.239483,436.633,2.7414,8.20259,52.5,0.12639,-0.109613,0.045226,6111.46,3062.96,,1114.05,6.0373,,,
48.81,49.81,1,1,Direct relationship,0.18261,0,2.2821,-0.0169441,2.51716,1.16076,0.592331,0.0103773,1.46878,73.797,18.9472,127.812,40.0856,0.01485,0.85624,M1Cb1,0.450762,186.305,-0.249717,2.48843,3715.92,4600.49,4849.01,2349.49,3.23349,0.700763,357.063,2.7463,6.57861,80.94,0.0664223,0.0811843,0.0565784,6131.89,2976.93,,1096.11,6.04618,,,
49.81,50.81,1,1,Inverse relationship,0.259665,0,2.86479,-0.0925194,2.24677,1.63342,0.725025,0.0945754,1.55048,73.3932,18.8198,128.494,42.224,0.01448,1.01093,M1Cb1,0.409541,221.657,-0.10811,3.07553,3565.49,4322.96,4390.64,2280.91,2.6914,0.342773,386.902,2.7342,4.27796,92.73,0.124462,0.102384,0.0646015,6075.23,3407.55,,1079.63,6.0173,,,
50.81,51.81,1,1,Direct relationship,0.203776,0,2.91632,0.132476,3.05175,1.92603,0.792794,0.137577,2.36526,72.5776,18.9176,122.672,42.2619,0.03838,1.01093,M1Cb1,0.423842,230.158,-0.0740598,3.43122,3134.25,3658.38,3898.89,2073.35,1.46093,0.824518,386.902,2.7414,10.1424,116.19,0.162845,0.033485,0.0790455,6114.72,3395.9,,1029.75,6.03508,,,
51.81,53.55,1.74,1,Inverse relationship,0.460008,0.008,3.20489,0.205974,3.31472,0.872656,1.2068,0.400275,1.84766,69.1662,17.5769,105.49,32.8856,0.01832,0.20656,M1Cb1,0.427007,269.808,0.0847669,2.78802,2513.9,3041.88,3500,1707.15,1.21484,0.833506,309.322,2.7173,4.62982,196.989,0.17581,-0.173212,0.100894,5991.24,3531.29,,910.636,5.85505,,,
53.55,54.56,1.01,1,Direct relationship,0.425184,0.968,1.61775,-0.0718948,2.32056,4.04739,0.312251,-0.167341,1.84509,63.2605,13.1671,111.271,33.1456,0.01267,                           ,M1Cb1,0.195027,192.728,-0.22399,0.627249,3288.18,3777.04,3202.03,2148.46,0.677908,0.509946,63.6503,2.6501,18.3525,114.18,0.303894,-0.379909,0.0910269,5656.84,2800.98,,1041.51,5.64016,,,
54.56,55.81,1.25,1,Inverse relationship,0.372304,4.035,0.690202,-0.177418,1.94302,5.32021,0.522951,-0.0336463,1.70829,66.3983,15.3397,114.6,35.4487,0.01087,                           ,M1Cb1,0.0411936,206.301,-0.169619,0.404947,4018.17,5127.37,5383.69,2466.07,0.745025,0.328752,102.441,2.6793,7.44473,-29.544,0.157272,-0.33857,0.0348337,5820.17,3563.74,,1109.46,5.63643,,,
55.81,56.81,1,1,Direct relationship,0.536247,7.72,0.813875,0.209974,3.32903,1.92603,0.922171,0.21967,1.53245,68.4769,16.3445,118.155,37.3767,0.01891,                           ,M1Cb1,0.242977,333.534,0.340032,0.725062,4102.33,5429.98,6526.39,2488.84,0.789769,0.994087,113.934,2.6783,6.03728,-92.25,0.173546,-0.173212,0.0662173,5845.31,3718.47,,1108.62,5.61905,,,
56.81,57.81,1,1,Direct relationship,0.92948,9.645,1.35804,0.511968,4.4095,1.80898,1.49882,0.585571,1.01751,68.7814,16.3689,120.355,38.4316,0.0125,                           ,M1Cb1,0.195588,411.629,0.652853,1.13054,4078.9,5440.4,6811.41,2472.4,1.28196,1.39434,102.441,2.7261,7.44473,-125.22,0.0854828,-0.33857,0.0407936,6036.36,3661.45,,1101.31,5.63465,,,
57.81,58.81,1,1,Inverse relationship,1.42475,10,2.05885,0.979958,6.08386,2.74531,2.4673,1.2001,0.942256,69.8499,16.6373,120.623,38.8223,0.00915,1.41312,M1Cb1,0.307472,623.537,1.50169,1.89526,4157.32,5580.52,7086.91,2501.33,1.95312,2.57641,102.441,,14.482,-158.07,0.0291956,-0.173212,0.0733806,                              ,3715.36,,1105.02,5.64578,,,
58.81,59.81,1,1,Inverse relationship,0.874451,6.77,1.52156,0.709963,5.11788,0.853149,2.11737,0.978054,0.876448,70.047,16.5864,121.952,39.0601,0.01128,1.01093,M1Cb1,0.351496,594.032,1.3835,1.68837,4023.87,5444.49,7132.71,2430.18,1.34907,2.61308,85.2005,2.8024,9.55592,-164.49,0.0675432,-0.31101,0.0561405,6369.49,3875.56,,1081.33,5.63242,,,
59.81,60.81,1,1,Direct relationship,1.1238,2.055,1.7483,0.709963,5.11788,0.267944,2.01263,0.911598,1.33984,69.9717,16.6507,123.297,39.6706,0.00509,1.01093,M1Cb1,0.341962,580.321,1.32858,1.6528,4097.07,5563.21,7246.75,2457.81,1.57279,2.51602,85.2005,2.8261,13.0746,-213.93,0.15528,-0.31101,0.0463842,6447.98,3948.14,,1082.01,5.64133,,,
60.81,61.81,1,1,Inverse relationship,1.02677,0.9175,0.684313,0.491397,4.3359,-0.163993,1.45552,0.558095,1.32065,70.4788,16.8024,122.828,39.26,0.01179,0.72365,M1CbFu1,0.342804,457.79,0.837758,0.938471,4017.33,5496.71,7323.71,2411.12,1.49289,1.57923,72.8861,2.8211,8.04793,-215.1,0.13532,-0.409437,0.103875,6463.49,3925.93,,1065.08,5.65024,,,
61.81,62.81,1,1,Direct relationship,0.628782,0.675,1.32035,0.72282,5.16388,0.254011,2.04168,0.930027,5.37639,69.8821,16.4265,122.866,39.488,0.0961,36.9204,M1CbFu1,0.359192,565.436,1.26895,1.28145,3961.16,5384.26,7162.96,2380.22,0.150566,2.2356,294.544,2.836,7.0426,-227.43,0.793474,-0.291325,0.127118,6490.08,4017.76,,1052.54,5.6391,,,
62.81,63.81,1,1,Inverse relationship,1.09586,1.7425,1.09729,0.811211,5.48012,1.77972,2.03574,0.926257,10.8399,71.183,16.659,124.943,39.5928,0.27969,75.9181,M1CbFu1,0.456339,480.235,0.927669,1.17633,3892.32,5328.77,7163.64,2338.51,0.929595,1.44288,386.902,2.8349,6.03728,-203.43,0.803971,-0.173212,0.317168,6503.97,3838.5,,1037.92,5.61905,,,
63.81,64.81,1,1,Inverse relationship,0.6079,2.025,1.8651,0.814961,5.49354,0.853149,2.40076,1.15788,7.36952,71.1189,16.5398,127.684,40.7316,0.15166,55.306,M1CbFu1,0.399789,659.842,1.64711,1.77136,3970.65,5380.7,7147.69,2381.08,1.57279,2.84677,257.601,2.8173,9.55592,-242.94,0.886333,-0.035414,0.274499,6432.14,3693.09,,1048.62,5.64356,,,
64.81,65.81,1,1,Inverse relationship,0.155625,0.474,0.446978,0.183475,3.23422,-0.590356,1.4138,0.531624,7.47715,71.6192,17.0328,127.556,41.2719,0.1579,37.6099,M1CbFu1,0.466745,416.893,0.673942,0.938471,4016.62,5515.74,7547.32,2399.75,1.41619,1.61005,205.881,2.818,6.03728,-267.66,0.479031,-0.421248,0.194713,6442.36,3838.23,,1053.95,5.6391,,,
65.81,66.81,1,1,Inverse relationship,0.683136,0.2585,1.01484,0.434344,4.13178,1.41397,1.72153,0.726888,7.86596,71.9116,17.5015,129.048,42.5951,0.14129,62.3443,M1CbFu1,0.398044,467.896,0.878242,1.1341,4059.45,5588.43,7760.66,2418.4,1.93634,1.48871,257.601,2.8146,10.4356,-303.69,0.676125,-0.379909,0.28014,6418.36,3843.28,,1057.73,5.63687,,,
66.81,67.81,1,1,Direct relationship,0.788467,0.2405,2.20864,0.582466,4.66172,1.43835,2.27755,1.07969,8.20149,73.1819,18.3183,128.094,42.6032,0.16584,61.3388,M1CbFu1,0.414308,602.258,1.41645,1.79211,4112.64,5757.99,8098.52,2434.82,2.1321,2.13134,257.601,2.8354,14.2474,-278.85,0.636556,-0.448808,0.167332,6510.31,3927.4,,1060.35,5.63242,,,
67.81,68.81,1,1,Inverse relationship,0.717223,0.2835,1.64425,0.452826,4.1979,0.922817,1.85157,0.8094,3.02884,73.1023,17.7339,129.933,41.4808,0.05403,23.1312,M1CbFu1,0.337756,523.129,1.09949,1.46437,3903.54,5333.54,7515.52,2351.94,1.39701,1.99524,                            ,2.8751,14.0799,-215.04,0.391299,-0.52755,0.164873,6654.12,3902.4,,1043.11,5.65246,,,
68.81,69.81,1,1,Direct relationship,0.410137,0.357,1.52843,0.709963,5.11788,0.365478,2.05576,0.938962,7.20915,71.4476,16.6843,129.505,40.7559,0.17719,63.3498,M1CbFu1,0.355422,539.19,1.16382,1.5046,3972.75,5394.52,7162.46,2380.93,0.90163,2.70296,85.2005,2.8248,11.9017,-252.93,0.526547,-0.31101,0.240255,6457.68,3834.73,,1049.03,5.61905,,,
69.81,70.81,1,1,Inverse relationship,0.60962,0.323,3.09771,0.679364,5.0084,1.10674,2.43773,1.18133,7.45013,72.2617,17.2506,128.177,41.5136,0.14462,56.9148,M1CbFu1,0.312239,649.203,1.6045,2.02686,4023.82,5549.77,7556.81,2398,2.75851,1.94224,412.762,2.8536,14.482,-296.07,0.859299,-0.503927,0.294604,6577.32,3813.3,,1052.22,5.63019,,,
70.81,71.81,1,1,Inverse relationship,0.842514,0.288,0.619531,0.645679,4.88789,0.839216,2.03112,0.923325,13.2853,72.4973,17.7871,127.996,41.8767,0.33123,116.208,M1CbFu1,0.407578,553.684,1.22188,1.41356,4057.63,5635.52,7850.93,2412.23,1.30113,2.04146,220.658,2.8523,7.0426,-309.45,1.05701,-0.291325,0.383541,6583.89,3759.54,,1053.79,5.64133,,,
71.81,72.81,1,1,Direct relationship,1.23902,0.307,3.21314,1.12395,6.59905,1.80898,3.16963,1.64575,8.70673,72.7109,17.9133,130.205,43.0117,0.15685,88.2853,M1CbFu1,0.419636,699.876,1.80748,3.3749,4031.91,5601.13,7888.69,2398.6,1.41619,3.91811,205.881,2.8581,15.8895,-321.36,1.03439,-0.173212,0.249058,6595.81,3813.8,,1050.39,5.63687,,,
72.81,73.81,1,1,Inverse relationship,1.1496,0.321,2.97816,0.747463,5.25205,1.53589,2.41925,1.1696,10.9514,75.4075,19.6135,130.071,43.5112,0.28798,95.5246,M1CbFu1,0.423281,583.064,1.33956,2.42345,4066.01,5686.4,8046.29,2411.55,0.00674509,2.46209,257.601,2.8638,8.38304,-279.72,0.96643,-0.31101,0.291798,6610.61,3859.48,,1053.62,5.6391,,,
73.81,74.81,1,1,Direct relationship,0.805663,0.205667,1.20256,0.51711,4.4279,0.588414,2.14729,0.997042,12.9923,74.5401,19.1655,131.428,42.0619,0.35438,102.419,M1CbFu1,0.447584,570.137,1.28778,1.566,3836,5209.42,7133.71,2318.57,0.150566,2.06611,220.658,2.8381,7.0426,-164.28,1.05344,-0.409437,0.419027,6522.66,3709.75,,1034.24,5.63465,,,
74.81,75.81,1,1,Inverse relationship,0.437161,0.0816667,3.37568,0.195689,3.27792,0.672014,1.4872,0.578199,7.59987,72.7045,18.2403,130.38,41.4634,0.16117,38.644,M1CbFu1,0.385706,473.772,0.901779,1.64222,3859.07,5095.45,6387.15,2341.03,1.39701,1.47446,516.203,2.806,8.04793,-154.32,0.763309,-0.52755,0.286548,6368.47,3705.7,,1041.16,5.62573,,,
75.81,76.81,1,1,Inverse relationship,0.680372,0.045,1.59125,0.0208353,2.65233,-0.0803921,1.1334,0.353699,3.81184,74.5058,18.9858,132.379,43.0332,0.06826,5.89462,M1CbFu1,0.26513,349.203,0.402797,0.994364,3796.86,5059.28,6416.68,2307.58,1.39701,1.14782,72.8861,2.8504,6.03728,-137.58,0.404437,-0.409437,0.159249,6571.25,3913.65,,1034.47,5.62351,,,
76.81,77.81,1,1,Direct relationship,-0.280769,0.0606667,1.30372,-0.465306,0.913022,-0.242676,0.0545846,-0.330837,9.85971,74.4765,19.3014,129.185,39.2861,0.09988,22.4214,M1CbFu1,0.348973,167.396,-0.325461,0.286735,3687.57,4789.9,5632.99,2259.37,-0.210396,0.0861458,881.287,2.8202,5.62332,10.68,1.02108,-0.708192,0.439827,6441.45,3882.07,,1021.23,5.65469,,,
77.81,78.81,1,1,Direct relationship,-0.674584,0.2425,-0.37767,-0.897541,-0.633422,0.474267,-0.754042,-0.843933,32.0643,71.8229,16.2466,130.013,39.0312,0.29177,3.87264,M1CbFu1,0.281674,29.7535,-0.876812,-0.71477,3270.19,4044.87,4471.09,2085.77,0.239071,-0.785538,436.633,2.7942,3.87196,4.56,3.3639,-0.856902,0.972237,6316.88,3802.29,,984.387,5.64133,,,
78.81,79.81,1,1,Inverse relationship,0.583825,0.3498,3.16367,0.178975,3.21812,1.2823,0.648631,0.0461013,13.8916,69.6654,16.4939,125.901,39.3246,0.312,97.9378,M1CbFu1,0.292049,210.908,-0.151167,1.54313,3772.57,4868.51,5333.2,2304.53,-0.0603713,1.49141,102.441,2.7073,8.14846,-123.69,1.11638,-0.421248,0.455006,5954.5,3606.06,,1033.14,5.61014,,,
79.81,80.81,1,1,Inverse relationship,0.673002,0.323333,1.06122,0.452826,4.1979,0.254011,1.80933,0.782594,10.5408,72.2734,17.7632,126.62,39.9779,0.29059,69.6698,M1CbFu1,0.391315,426.765,0.713484,1.4034,3845.45,5091.76,6151.53,2330.35,0.629968,1.87506,146.772,2.8055,9.05325,-135.6,1.03874,-0.173212,0.217958,6398.88,3656.14,,1038.55,5.63465,,,
80.81,81.81,1,1,Inverse relationship,0.759805,0.5415,2.44453,0.439969,4.1519,1.53589,1.35343,0.493314,14.1998,73.4341,18.012,129.208,41.4093,0.38725,110.271,M1CbFu1,0.358787,307.576,0.236051,1.6775,3747.94,4953.47,6199.61,2283.3,-0.40341,1.88807,228.868,2.7885,18.548,-162.99,0.579491,-0.265077,0.375269,6297.22,3849,,1026.72,5.62351,,,
81.81,82.81,1,1,Inverse relationship,0.346509,0.554667,2.97404,-0.0730198,2.31654,0.931177,0.282679,-0.186105,16.6695,73.1876,18.7113,128.717,42.1716,0.42979,62.9476,M1CbFu1,0.282515,194.456,-0.21707,1.0185,3876.59,5198.59,6544.51,2338.32,0.00674509,0.66094,257.601,2.7764,6.03728,-174.42,1.39018,-0.586606,0.482714,6271.03,3655.55,,1038.59,5.63019,,,
82.81,83.98,1.17,1,Inverse relationship,0.536247,0.557125,3.52095,-2.14E-05,2.57771,-0.154704,0.683953,0.0685141,20.1675,74.774,19.5553,129.902,42.7319,0.54769,111.612,M1CbFu1,0.272888,225.679,-0.0920001,1.36134,3691.28,4924.54,6331.36,2247.76,-0.40341,0.926978,343.802,2.7717,4.47344,-99.6678,1.81983,-0.540673,0.580425,6244.4,3678.21,,1014.91,5.64588,,,
83.98,84.98,1,1,Direct relationship,-0.188012,1.36533,0.668693,-0.573487,0.52597,-0.287576,-0.31374,-0.564549,22.0567,74.6345,19.1156,130.727,40.7413,0.45658,45.6885,M1CbFu1,0.261765,84.696,-0.65673,-0.20358,3423.02,4443.47,5492.18,2127.23,-0.153751,-0.16062,493.716,2.738,2.36565,-18.81,1.68669,-0.748369,0.611672,6099.53,3557.76,,985.699,5.64133,,,
90.98,91.98,1,1,Inverse relationship,0.849884,0.13,1.67959,0.47854,4.2899,1.34082,1.9255,0.85631,22.4589,73.5918,17.5858,143.384,44.0997,0.43795,128.274,M1CbFu2,0.404214,492.575,0.977096,1.55329,3663.05,4662.71,4775.72,2250.54,1.10937,1.7857,442.317,2.6704,6.03728,-92.88,1.77732,-0.0550994,0.862552,5743.75,3350.13,,1016.41,5.65024,,,
91.98,93.31,1.33,1,Inverse relationship,1.05625,0.147,0.825653,0.619965,4.79589,2.00963,2.24762,1.06071,15.4467,74.5296,18.1061,133.89,40.0753,0.34271,124.827,M1CbFu2,0.492974,541.932,1.17481,1.39324,3554.46,4605.95,5403,2195.92,1.58877,2.20478,368.431,2.856,7.0426,-29.4089,1.12753,0.0630131,0.532814,6587.8,3740.61,,1004.71,5.63333,,,
93.31,94.81,1.5,1,Inverse relationship,1.24418,0.183,1.2536,0.949958,5.97653,0.560547,2.73345,1.36897,12.7355,71.9199,17.2989,131.722,40.9972,0.2806,127.7,M1CbFu2,0.438517,665.326,1.66908,2.14186,3722.45,4794.86,5323.88,2278.48,1.34907,2.81082,343.802,2.8022,10.7288,-88.42,0.974207,0.102384,0.369071,6366.23,3724.21,,1024.55,5.63761,,,
94.81,95.81,1,1,Inverse relationship,1.62079,0.1265,0.508814,1.24995,7.04984,1.10674,3.37663,1.77709,15.4455,74.515,17.464,133.183,37.8962,0.39866,170.331,M1CbFu2,0.440947,811.753,2.25562,2.22249,3341.5,4239.36,4934.89,2107.38,7.45666,3.52984,723.084,2.8541,11.6671,27.24,1.28705,0.322861,0.381107,6586.54,3788.31,,985.392,5.64578,,,
95.81,96.81,1,1,Inverse relationship,0.463877,0.1265,0.793263,0.214974,3.34692,-0.780548,1.80933,0.782594,9.10847,70.6168,14.7745,130.942,37.3881,0.20765,60.8361,M1CbFu2,0.506003,472.009,0.894717,1.34528,3426.87,4228.64,4437.18,2145.84,2.6914,1.67746,322.252,2.8133,6.91694,-51.99,0.913378,-0.276561,0.260516,6400.51,                              ,,995.251,5.63464,,,
96.81,97.81,1,1,Inverse relationship,1.1668,0.1415,1.87747,0.450769,4.19054,1.10674,2.43773,1.18133,10.7682,69.233,15.4901,125.314,38.1857,0.22298,61.741,M1CbFu2,0.440106,582.734,1.33825,2.098,3808.8,4985.35,5718.41,2313.65,2.22158,1.86458,102.441,2.8012,7.44473,-164.58,0.896394,-0.173212,0.269762,6380.98,3705.91,,1033.19,5.6391,,,
97.81,98.81,1,1,Inverse relationship,0.989915,0.076,0.743205,0.542824,4.51989,0.17041,2.2265,1.0473,12.5868,71.0042,16.9174,126.841,40.2947,0.26416,126.55,M1CbFu2,0.468147,537.232,1.15598,1.55329,3906.78,5287.05,6693.22,2343.84,4.17755,1.8689,294.544,2.8502,7.0426,-229.825,0.998709,-0.0550994,0.410014,6560.44,3814.63,,1033.49,5.65469,,,
98.81,99.81,1,1,Inverse relationship,0.28976,0.1485,-0.361021,0.293722,3.62866,-0.853699,1.84629,0.806049,6.66543,72.5362,17.8519,128.908,42.3123,0.10523,53.2951,M1CbFu2,0.383183,461.726,0.853528,1.18523,3939.69,5388.5,7184.77,2355.62,2.43971,1.68555,63.6503,2.8577,6.91694,-264.21,0.876762,-0.276561,0.212668,6587.9,3791.01,,1036.31,5.60346,,,
99.81,100.81,1,1,Inverse relationship,0.941088,0.2395,0.0306108,0.496218,4.35315,2.21863,1.86015,0.814845,11.6449,73.6493,18.5997,131.93,43.7518,0.27062,83.4591,M1CbFu2,0.47656,465.84,0.870004,1.11631,3970.55,5463.64,7466.5,2367.33,3.36256,1.69633,192.951,2.822,9.55592,-282.69,1.27203,0.033485,0.397436,6462.89,3807.45,,1038.93,5.62573,,,
100.81,101.81,1,1,Direct relationship,1.50213,0.187,1.03374,0.694964,5.06422,1.24329,2.75809,1.38461,10.1141,73.9417,18.5942,131.241,41.5566,0.24612,91.5028,M1CbFu2,0.416271,602.258,1.41645,2.12704,3865.37,5213.4,6902.94,2326.93,4.25745,2.19246,430.002,2.8676,14.2474,-149.43,0.802482,0.102384,0.526206,6619.19,3887.29,,1030.81,5.62796,,,
101.81,102.81,1,1,Inverse relationship,1.53653,0.118,0.29857,0.769962,5.33254,2.7063,2.72729,1.36506,13.5342,72.3934,16.5299,132.485,39.8428,0.30328,123.678,M1CbFu2,0.44263,626.937,1.51531,1.89289,3575,4653.44,5847.74,2202.13,2.46768,2.22481,171.401,2.8034,27.1491,-126.33,0.827832,0.102384,0.483375,6375.98,4029.87,,1005.5,5.63019,,,
102.81,103.81,1,1,Direct relationship,0.928191,0.1705,-0.288879,0.428719,4.11165,2.21863,1.9387,0.864687,11.6064,71.9053,16.7331,129.53,40.6113,0.26805,83.4591,M1CbFu2,0.406176,478.179,0.919431,1.24525,3813.07,5083.17,6256.81,2306.16,1.85244,1.575,128.301,2.793,22.7508,-205.92,1.26103,-0.276561,0.346772,6319.38,3616.38,,1027.83,5.64578,,,
103.81,104.81,1,1,Inverse relationship,0.799215,0.5925,-0.149746,0.259973,3.50791,3.02328,1.67071,0.694637,9.44282,73.2614,17.8339,131.37,42.573,0.20413,59.3279,M1CbFu2,0.403092,422.652,0.697008,1.03851,3913.68,5315.82,6913.89,2346.08,3.19477,1.29997,192.951,2.8156,8.67626,-262.68,0.73793,-0.276561,0.384648,6430.3,3785.23,,1035.81,5.63464,,,
104.81,105.81,1,1,Direct relationship,1.48494,0.566,0.978773,0.604966,4.74222,2.80383,2.48085,1.2087,13.6071,74.2501,18.5068,129.894,41.515,0.31133,121.667,M1CbFu2,0.458613,585.806,1.35055,2.18633,3921.24,5341.62,6996.95,2346.81,6.49466,1.81497,516.203,2.8503,14.2474,-188.76,1.40469,-0.035414,0.306426,6568.06,3819.44,,1035.1,5.62351,,,
105.81,106.81,1,1,Inverse relationship,0.857254,0.162667,0.128519,0.304972,3.66891,1.63342,1.77698,0.762071,13.2432,72.8232,16.6736,131.339,39.875,0.41725,86.4754,M1CbFu2,0.439265,437.048,0.754673,1.2119,3548.31,4676.33,6113.81,2184.86,3.02698,1.24065,580.853,2.8662,10.4356,-125.22,1.18821,-0.173212,0.26504,6624.16,3796.3,,996.784,5.63242,,,
106.81,107.81,1,1,Direct relationship,1.73429,0.1475,-0.25796,0.754963,5.27888,3.87671,2.77657,1.39634,12.5623,70.7332,16.1683,128.574,39.3085,0.2915,133.732,M1CbFu2,0.430292,607.742,1.43842,1.85435,3782.22,5014.02,6039.78,2292.1,2.80326,2.00911,257.601,2.7856,22.4576,-207.06,0.88793,0.102384,0.38613,6293.99,3630.6,,1022.19,5.62351,,,
107.81,108.81,1,1,Inverse relationship,0.582105,0.1645,0.67188,0.294972,3.63313,1.53589,1.29182,0.454222,15.83,71.4856,16.9709,127.193,40.7264,0.39533,100.887,M1CbFu2,0.427488,401.172,0.610968,1.11434,3893.99,5286.15,6805.21,2335.89,0.938916,1.37757,286.335,2.8348,11.5107,-263.34,1.09554,-0.356943,0.362256,6507.07,3788.45,,1030.05,5.61683,,,
108.81,109.81,1,1,Inverse relationship,1.52793,0.2885,-0.546531,0.799962,5.43988,2.26043,2.46941,1.20144,20.297,72.4902,17.7706,127.393,41.1055,0.50773,186.878,M1CbFu2,0.506283,546.633,1.19364,1.62951,3859.16,5322.75,7189.98,2307.94,2.35582,1.84116,442.317,2.8776,14.0799,-266.46,2.04186,-0.291325,0.454124,6675.23,3769.17,,1019.46,5.64801,,,
109.81,110.81,1,1,Inverse relationship,1.32894,0.2685,0.584196,0.645679,4.88789,2.17683,2.20538,1.0339,15.6185,72.7799,17.8076,129.424,41.6946,0.36193,131.721,M1CbFu2,0.459455,541.932,1.17481,1.61681,3855.28,5302.13,7170.46,2310.74,2.16406,1.6008,959.519,2.8657,9.05325,-271.65,1.01052,-0.0550994,0.497177,6625.12,3478.64,,1021.82,5.64355,,,
110.81,111.81,1,1,Inverse relationship,0.334901,0.2395,1.54046,-0.015646,2.52181,0.828766,1.0192,0.28124,12.0151,73.2138,18.3528,130.216,42.823,0.35782,42.7377,M1CbFu2,0.415991,395.094,0.58662,0.742846,3951.61,5439.89,7295.68,2357.62,1.51686,1.02764,257.601,2.8347,6.91694,-292.47,1.05659,-0.483258,0.237969,6503.7,3598.92,,1034.27,5.65024,,,
111.81,112.81,1,1,Inverse relationship,0.232437,0.1165,1.49637,-0.0310207,2.4668,12.3947,0.918063,0.217064,9.14643,74.2174,19.1322,131.64,44.3513,0.12941,60.6685,M1CbFu2,0.330746,375.579,0.508451,0.549196,3874.54,5357.57,7350.03,2313.22,1.23721,0.907804,286.335,2.8944,7.60112,-259.98,0.936285,-0.540673,0.187473,6736.89,3866.9,,1020.04,5.6391,,,
112.81,113.81,1,1,Direct relationship,0.134988,0.0685,1.48583,-0.00552126,2.55803,8.18772,0.840848,0.168068,13.3492,73.4633,18.318,128.496,38.1632,0.30211,59.3279,M1CbFu2,0.346449,346.148,0.390558,0.591681,3633.02,4811.53,6025.39,2214.36,1.08061,0.777422,205.881,2.8523,7.44473,-25.83,0.995521,-0.503927,0.604736,6572.45,3739.42,,996.051,5.4586,,,
113.81,114.81,1,1,Inverse relationship,1.53825,0.0666667,3.01526,1.06096,6.37366,4.38389,2.75563,1.38305,10.1895,69.1689,14.1915,127.815,36.9048,0.23463,141.374,M1CbFu2,0.362152,703.167,1.82066,2.19759,3297.15,4114.06,4518.72,2081.48,2.35582,2.66701,723.084,2.8851,15.8895,-49.05,1.08577,-0.0078544,0.211071,6673.98,3760.21,,974.534,5.40063,,,
114.81,115.81,1,1,Direct relationship,1.03414,0.0835,1.09656,0.652108,4.91089,2.00963,1.99415,0.89987,10.1667,68.4996,15.144,122.381,37.2894,0.26704,98.9719,M1CbFu2,0.388511,544.283,1.18422,1.09853,3836.87,5095.27,5882.16,2312.67,2.35582,1.73331,442.317,2.8257,21.1172,-193.71,0.814457,-0.173212,0.269577,6470.21,3678.88,,1023.82,5.43631,,,
115.81,116.81,1,1,Direct relationship,1.21839,0.0605,1.7002,0.507468,4.3934,0.853149,2.00647,0.907689,4.28071,70.1139,16.4292,124.202,39.824,0.07092,23.1312,M1CbFu2,0.358226,602.258,1.41645,1.64391,3942.64,5381.51,6930.82,2355.36,2.91512,2.49085,257.601,2.8852,10.7288,-269.565,0.330345,-0.173212,0.107426,6696.97,3848.97,,1033.28,5.43631,,,
116.81,117.81,1,1,Inverse relationship,0.351668,0.244667,3.46048,2.65392,12.0729,0.0533691,2.54123,1.24701,4.56365,71.4193,17.0489,126.949,41.4008,0.10461,35.1967,M1CbFu2,0.303826,676.843,1.71521,1.98062,3981.34,5493.72,7434.4,2370.18,3.56391,3.89654,309.322,2.8597,13.0746,-308.28,0.540463,-0.503927,0.131653,6604.6,3848.84,,1038.4,5.43185,,,
117.81,118.81,1,1,Direct relationship,0.483224,0.33,1.23643,0.271223,3.54816,0.17041,1.55057,0.618408,7.58967,72.6411,17.5133,127.996,41.8602,0.1594,48.7705,M1CbFu2,0.390193,455.557,0.828814,1.12298,3951.36,5469.54,7601.07,2353.42,4.62099,1.01686,257.601,2.8603,6.91694,-309,0.98004,-0.586606,0.15496,6601.78,3826.87,,1033.39,5.41624,,,
118.81,119.81,1,1,Inverse relationship,0.874451,0.3125,0.758909,0.769962,5.33254,0.0728759,2.73961,1.37288,9.12534,73.0548,17.4188,128.995,41.9291,0.1599,71.3935,M1CbFu2,0.434498,714.683,1.86679,2.21597,3884.96,5359.74,7495.88,2321.63,3.92186,3.0445,257.601,2.8665,9.55592,-310.83,1.16549,-0.173212,0.246962,6624.81,3805.01,,1025.64,5.44746,,,
119.81,120.81,1,1,Inverse relationship,1.53653,0.34,-0.134287,1.07746,6.43269,3.58411,2.73345,1.36897,8.75647,72.6293,17.5612,129.59,42.6944,0.1504,65.3607,M1CbFu2,0.439826,659.842,1.64711,1.60538,3921.2,5431.71,7525.74,2336.23,5.37605,3.08045,516.203,2.8495,42.3965,-320.49,0.677703,-0.035414,0.242405,6566.47,3785.78,,1025.79,5.43854,,,
120.81,121.81,1,1,Inverse relationship,1.21839,0.0875,-0.228514,0.851389,5.62387,2.67843,2.15785,1.00374,6.3826,73.2416,18.1649,130.49,43.1825,0.14741,62.7752,M1CbFu2,0.428329,558.385,1.24071,1.04009,3924.81,5446.24,7669.32,2335.42,2.35582,2.12774,442.317,2.8717,27.1491,-328.95,0.587363,-0.291325,0.193376,6645.59,3776.71,,1023.03,5.42293,,,
121.81,122.81,1,1,Inverse relationship,0.676687,0.0246667,0.078706,0.192475,3.26642,1.97479,1.1224,0.346719,5.55587,74.0217,18.4564,132.846,44.077,0.13299,27.153,M1Cb2,0.433657,343.131,0.378476,0.381235,3922.08,5441.09,7721.96,2335.14,0.342327,0.504553,386.902,2.8488,14.2474,-323.82,0.433338,-0.655505,0.120821,6565.22,3835.15,,1024.83,5.43408,,,
122.81,123.81,1,1,Inverse relationship,0.734727,0.0525,1.08183,0.349971,3.82991,1.85287,1.54595,0.615476,2.01345,74.8141,18.7864,132.241,43.6862,0.01937,0.5082,M1Cb2,0.433657,472.009,0.894717,1.02517,3905.98,5423.37,7679.18,2326.93,-0.244941,1.43748,451.552,2.8343,4.27796,-291.09,0.168485,-0.483258,0.0618069,6500.93,3679.58,,1022.76,5.39171,,,
123.81,124.81,1,1,Inverse relationship,0.776183,0.0836667,0.70198,0.555681,4.56589,1.84242,1.81989,0.789296,8.37553,74.5403,18.615,133.987,43.9974,0.2338,55.8806,M1Cb2,0.401129,551.334,1.21247,1.25605,3835.47,5241.31,7281.52,2303.3,1.49289,2.03222,220.658,2.8351,15.0852,-272.01,0.526361,-0.409437,0.278809,6509.69,3721.88,,1019.73,5.37659,,,
124.81,125.81,1,1,Inverse relationship,1.1324,0.0676667,0.724555,0.739963,5.22521,1.92603,2.38228,1.14615,6.69382,75.1286,19.0182,133.237,43.642,0.14798,63.3498,M1Cb2,0.424403,635.163,1.54826,1.5461,3857.53,5286.1,7258.39,2308.5,1.34907,2.30391,516.203,2.8379,47.0881,-269.79,0.658619,-0.448808,0.317002,6508.11,3715.12,,1018.14,5.38725,,,
125.81,127.81,2,1,Direct relationship,0.865852,0.1065,0.745168,0.777462,5.35938,1.34082,2.25906,1.06797,3.05355,75.6543,19.0999,134.693,44.0176,0.04612,17.0984,M1Cb2,0.42917,728.394,1.92171,1.5372,3762.53,5095.17,6831.1,2267.64,1.01349,3.1883,516.203,2.8434,22.4576,-224.16,0.350762,-0.31101,0.124188,6533.35,3824.24,,1009.88,5.38725,,,
127.81,129.81,2,1,Inverse relationship,1.30093,0.075,1.32506,1.10596,6.53465,3.44756,3.00699,1.54254,0.969274,77.93,19.9946,137.256,44.3591,0.00915,1.41312,M1Cb2,0.454828,864.401,2.46651,2.37543,3621.46,4836.94,6296.05,2205.69,0.879258,4.0691,516.203,2.7883,27.1491,-163.71,0.0871534,-0.173212,0.0541191,6315.22,3947.71,,994.633,5.38614,,,
129.81,131.81,2,1,Direct relationship,0.813033,0.029,1.16723,0.510682,4.4049,2.00963,1.90966,0.846258,1.54741,80.5696,20.7433,142.198,45.0295,0.01277,0.72365,M1Cb2,0.398465,574.837,1.30661,1.34243,3367.18,4301.57,5168.06,2102.91,2.06818,2.31264,516.203,2.755,29.1598,-36.84,0.181308,-0.291325,0.065989,6169.55,                              ,,972.503,5.38837,,,
131.81,133.81,2,1,Direct relationship,1.04151,0.03,0.99644,0.735677,5.20988,3.18004,2.17369,1.0138,1.20911,82.6355,18.7237,154.687,46.3387,0.01027,0.72365,M1Cb2,0.445855,537.232,1.15598,1.52789,3125.32,3801.6,3856.97,1990.25,4.27343,1.6347,516.203,2.7282,18.1012,-18.72,0.144817,-0.291325,0.0284668,6056.2,3615.33,,943.435,5.39394,,,
133.81,135.81,2,1,Inverse relationship,0.696034,0.017,0.623212,0.456844,4.21227,2.29178,1.6245,0.665318,1.06739,72.9233,17.8768,131.797,41.5116,0.00857,3.52459,M1Cb2,0.42258,498.745,1.00181,1.02517,3527.34,4585.1,5427.08,2168.11,1.34907,1.95248,451.552,2.8175,8.67626,-95.655,0.172654,-0.379909,0.045068,6433.43,3806.23,,984.844,5.3761,,,
135.81,137.81,2,1,Inverse relationship,0.668089,0.0105,0.703943,0.634965,4.84955,1.24329,2.10504,0.970236,0.863926,72.838,16.8205,130.487,40.1539,0.01004,1.01093,M1Cb2,0.435059,750.331,2.00958,1.52831,3456.08,4472.64,5321.98,2132.85,-0.888139,3.35008,430.002,2.7719,7.21016,-110.295,0.0661417,-0.173212,0.0293097,6242.1,                              ,,976.51,5.39617,,,
137.81,139.81,2,1,Direct relationship,1.46602,0.0075,1.40751,1.12395,6.59905,3.91572,3.00699,1.54254,0.993123,72.9064,17.4426,129.899,40.9413,0.00862,                           ,M1Cb2,0.443892,818.334,2.28198,2.25805,3663.45,4860.68,6095.33,2225.65,2.75851,3.59455,723.084,2.8181,11.6671,-166.8,0.0971641,-0.0078544,0.0454595,6439.93,                              ,,997.073,5.39172,,,
139.81,140.81,1,1,Inverse relationship,1.01202,0.004,1.50095,0.724963,5.17155,2.02356,2.14201,0.993691,0.675739,72.5441,17.4856,131.247,41.4066,0.0058,                           ,M1Cb2,0.403372,635.163,1.54826,1.56684,3653.17,4856.89,6164.01,2219.94,1.34907,2.42254,516.203,2.7898,30.6677,-172.32,0.0571981,-0.448808,0.0290245,6317.88,                              ,,994.604,5.37387,,,
140.81,141.81,1,1,Inverse relationship,0.891647,0.4345,0.360406,0.844961,5.60087,1.63342,2.20978,1.03669,0.940695,73.2642,17.9238,131.648,42.3357,0.00252,                           ,M1Cb2,0.43618,684.521,1.74597,1.47496,3727.88,4981.89,6357.04,2255.46,0.90163,3.13438,516.203,2.8083,11.9017,-180,0.0711629,-0.035414,0.0678389,6400.06,                              ,,1004.28,5.3984,,,
141.81,142.81,1,1,Inverse relationship,1.29061,0.4415,1.828,0.907959,5.82627,3.33052,2.65952,1.32206,0.859432,73.8606,18.4313,133.574,43.5262,0.01421,1.41312,M1Cb2,0.435059,739.362,1.96564,2.00552,3754.08,5024.15,6466.64,2267.39,4.36931,2.91723,619.643,2.8021,11.6671,-186.36,0.0209476,-0.0078544,0.072094,6365.31,3691.42,,1007.97,5.38948,,,
142.81,143.81,1,1,Inverse relationship,1.45914,0.014,1.48034,0.927459,5.89603,2.31616,2.56711,1.26343,1.03589,75.4645,18.722,135.694,41.8695,0.00731,1.01093,M1Cb2,0.430572,618.711,1.48235,1.87807,3574.72,4683.26,5884.73,2186.42,2.80326,2.24638,516.203,2.8043,38.8779,-77.91,0.125862,-0.035414,0.0284463,6379.86,3921.74,,988.427,5.4051,,,
143.81,144.81,1,1,Inverse relationship,0.969033,0.0065,1.26047,0.702464,5.09105,1.92603,2.22826,1.04842,1.31306,74.6916,16.6847,135.876,39.7046,0.01824,                           ,M1Cb2,0.452164,670.81,1.69105,1.6528,3294.77,4192.68,5008.94,2062.88,0.118606,2.95462,516.203,2.8164,3.69152,-53.76,0.0513759,-0.173212,0.0160729,6432.12,                              ,,961.456,5.36718,,,
144.81,146.81,2,1,Inverse relationship,1.60016,0.0115,1.46522,1.08796,6.47026,2.04307,2.97741,1.52378,1.14902,72.2281,16.5608,131.787,40.6562,0.01743,1.41312,M1Cb2,0.42875,772.267,2.09745,2.28295,3674.89,4851.48,5885.46,2230.79,1.28196,3.19765,929.965,2.781,11.6671,-172.2,0.166074,-0.0078544,0.0482944,6280.47,                              ,,996.845,5.38837,,,
146.81,148.81,2,1,Inverse relationship,1.46602,0.0245,1.25085,0.952958,5.98726,4.96909,3.04395,1.566,1.96862,74.4442,18.3354,134.314,43.8947,0.03832,3.82623,M1Cb2,0.461558,831.496,2.3347,2.2794,3839.91,5227.21,7000.37,2299.11,2.22158,3.7024,723.084,2.8385,24.3342,-246.66,0.243249,-0.0078544,0.0648856,6527.3,                              ,,1014.12,5.37164,,,
148.81,149.81,1,1,Direct relationship,0.831459,0.054,0.566528,0.574966,4.63489,3.87671,2.26523,1.07187,3.36494,77.1102,19.2241,140.965,43.7449,0.04134,15.0874,M1Cb2,0.578629,761.299,2.05352,1.57574,3704.68,4949.89,6475.69,2243.25,0.566048,3.38603,430.002,2.8317,35.3593,-127.59,0.392,-0.035414,0.118676,6480.41,                              ,,1000.7,5.3984,,,
149.81,150.81,1,1,Direct relationship,1.141,0.063,0.875712,0.784962,5.38621,1.53589,2.31451,1.10315,11.9634,78.6119,17.6136,147.732,44.0248,0.28852,95.5246,M1CbFu3,0.460015,648.874,1.60318,1.75061,3361.22,4312.56,5308.77,2094.88,1.12535,2.82879,430.002,2.8653,51.7796,-98.1,1.01876,0.240182,0.34624,6610.4,                              ,,968.122,5.36941,,,
150.81,151.81,1,1,Inverse relationship,1.63971,0.0653333,2.39415,0.709963,5.11788,3.09644,2.38228,1.14615,9.54052,73.5339,16.9236,138.737,42.5795,0.2345,113.623,M1CbFu3,0.425244,544.126,1.18359,1.85139,3629.87,4766.14,5716.47,2210.74,2.24396,1.91563,516.203,2.7694,21.2847,-151.86,0.867763,-0.035414,0.229477,6242.34,                              ,,992.604,5.39617,,,
151.81,152.81,1,1,Inverse relationship,1.23558,0.0705,1.70707,0.589966,4.68856,4.55945,2.5055,1.22433,6.48763,72.6592,16.88,134.749,41.7061,0.13736,49.2732,M1CbFu3,0.419075,635.163,1.54826,1.78322,3704.31,4912.26,6181.81,2244.68,1.46093,2.51602,516.203,2.8399,9.55592,-170.37,0.807207,-0.448808,0.173342,6515.68,                              ,,999.814,5.36048,,,
152.81,153.81,1,1,Inverse relationship,1.00343,0.025,1.89258,0.814961,5.49354,3.68164,2.27139,1.07578,2.64376,73.0146,16.8027,133.233,41.309,0.05565,25.1421,M1CbFu3,0.539932,670.81,1.69105,1.79804,3716.63,4975.69,6438.67,2246.63,1.46093,2.88272,516.203,2.8324,7.21016,-196.08,0.271317,-0.035414,0.100397,6514.29,3814.37,,1001.45,5.37833,,,
153.81,154.81,1,1,Direct relationship,0.975175,0.051,1.13189,0.645679,4.88789,2.84563,2.13145,0.986989,5.44282,72.5771,16.7686,132.367,41.8959,0.08498,40.3677,M1CbFu3,0.516658,621.844,1.49491,1.27129,3774.52,5091.67,6712.58,2271.99,-0.0411952,2.32804,663.975,2.8237,39.213,-228,0.491635,-0.52755,0.0891942,6452.44,3723.35,,1006.36,5.38279,,,
154.81,156.81,2,1,Inverse relationship,0.842514,0.0565,1.24968,0.51711,4.4279,2.42763,1.96775,0.883116,9.1157,73.2706,17.4545,132.991,43.2846,0.19483,78.2881,M1CbFu3,0.470671,584.239,1.34427,1.37799,3877.8,5311.89,7244.6,2313.87,0.821729,2.14315,442.317,2.8471,32.1757,-279.9,0.673732,-0.291325,0.312322,6552.86,3809.08,,1015.8,5.38167,,,
156.81,158.81,2,1,Inverse relationship,0.902395,0.0335,0.514998,0.586216,4.67514,1.85287,1.93408,0.861755,14.3296,73.4817,16.9051,133.656,42.0577,0.35249,101.557,M1CbFu3,0.446976,496.688,0.993572,1.24525,3759.9,5085.34,6881.26,2263.62,1.68465,1.51568,516.203,2.8555,28.0288,-234.78,0.887372,-0.379909,0.426717,6581.71,3819.13,,1005.34,5.37833,,,
158.81,160.81,2,1,Inverse relationship,0.573507,0.021,0.710814,0.40622,4.03115,1.99918,1.58292,0.638931,8.71552,72.9231,17.1863,131.441,42.6884,0.22061,62.3443,M1CbFu3,0.435479,513.14,1.05948,1.05185,3902.76,5378.81,7432.48,2323.17,0.594013,1.72329,386.902,2.8379,9.55592,-310.44,0.964737,-0.483258,0.268363,6518.69,3787.08,,1016.6,5.36718,,,
160.81,162.81,2,1,Inverse relationship,0.418736,0.011,0.550039,0.277973,3.57231,2.21863,1.27703,0.44484,5.60363,73.5182,17.25,132.336,42.7831,0.13457,33.9902,M1CbFu3,0.46324,400.441,0.608038,0.69305,3861.24,5315.25,7480.39,2304.91,0.409443,1.11824,412.762,2.8614,13.7783,-311.7,0.614824,-0.751964,0.175562,6606.8,3860.01,,1013.64,5.37387,,,
162.81,164.81,2,1,Inverse relationship,0.567058,0.0225,1.14367,0.361221,3.87016,2.07233,1.58292,0.638931,6.18839,74.1875,18.028,132.528,43.935,0.14319,41.2295,M1CbFu3,0.452164,490.518,0.968859,1.22302,3927.94,5468.76,7805.32,2330.65,0.342327,1.61814,516.203,2.8596,4.27796,-357.81,0.564355,-0.586606,0.215177,6603.3,3810,,1018.31,5.36048,,,
164.81,165.81,1,1,Direct relationship,0.827774,0.029,1.30268,0.619965,4.79589,4.01604,2.0892,0.960184,7.95229,75.2613,18.3672,133.779,43.91,0.19454,64.4989,M1CbFu3,0.500394,595.99,1.39135,1.45421,3824.07,5287.53,7610.03,2287.48,0.342327,2.20478,590.089,2.8806,5.03195,-313.71,0.59084,-0.52755,0.318946,6682.81,3836.61,,1009.8,5.35825,,,
165.81,166.81,1,1,Direct relationship,0.66379,0.0196667,1.26734,0.451219,4.19215,2.14548,1.67995,0.700501,8.33448,74.5303,18.3762,133.697,44.1537,0.20529,59.3279,M1CbFu3,0.467867,482.292,0.935907,1.30082,3863.76,5318.6,7411.21,2303.81,0.342327,1.48332,451.552,2.8423,3.3983,-324.84,0.828033,-0.586606,0.168512,6525.83,3853.82,,1009.9,5.37387,,,
166.81,167.81,1,1,Inverse relationship,0.883049,0.025,0.968467,0.439969,4.1519,1.99918,1.65223,0.68291,7.6794,75.3046,19.137,134.667,44.9389,0.22223,74.4099,M1CbFu3,0.430853,434.991,0.746435,1.17633,3870.84,5347.7,7495.92,2309.2,0.929595,1.23256,580.853,2.8442,10.4356,-329.37,0.54575,-0.483258,0.208182,6548.59,3830.19,,1012.14,5.39618,,,
167.81,168.81,1,1,Inverse relationship,0.644443,0.0165,0.710814,0.518718,4.43364,0.389862,1.85553,0.811913,5.61903,76.4344,19.8858,135.907,44.8032,0.13051,30.6721,M1CbFu3,0.428027,490.518,0.968859,0.891788,3895.42,5338.66,7081.05,2319.38,0.426222,1.89856,192.951,2.8533,9.55592,-205.47,0.408474,-0.483258,0.179506,6563.89,3804.87,,1014.25,5.3761,,,
168.81,169.81,1,1,Inverse relationship,0.658262,0.012,0.931659,0.529967,4.47389,0.421212,2.06808,0.946781,3.00762,77.3372,18.829,145.86,45.5851,0.06079,16.2365,M1CbFu3,0.457211,603.042,1.41959,1.43389,3316.17,4266.07,5470.44,2076.24,1.10937,2.18938,442.317,2.7931,5.03195,-110.43,0.324086,-0.409437,0.147021,6341.63,3833.74,,964.649,5.37387,,,
169.81,170.81,1,1,Direct relationship,0.568348,0.113,1.58065,0.817961,5.50427,-0.414795,2.55602,1.25639,3.58297,83.9532,20.8006,179.188,60.6565,0.04397,15.8918,M1CbFu3,0.470671,890.725,2.57195,1.9166,3181,3569.83,3625.75,2057.73,0.476559,4.50052,102.441,2.8132,7.44473,-156.75,0.289651,-0.173212,0.163184,6388.67,                              ,,965.517,5.37164,,,
170.81,171.81,1,1,Inverse relationship,0.424688,0.137,0.664833,0.467661,4.25098,3.14145,1.10699,0.336946,15.7239,154.183,47.9465,137.022,48.9409,0.32921,51.9029,M1CbFu3,0.412626,191.874,-0.227412,0.648453,1398.59,2244.6,3987.95,885.605,0.910234,0.775431,277.494,2.8237,68.8314,-96.54,1.40056,-0.491207,0.633329,6436.68,3788.33,,544.973,5.35825,,,
171.81,172.81,1,1,Inverse relationship,-0.317287,0.575,-0.108178,-0.490011,0.824631,0.345972,-0.23606,-0.515259,38.3919,139.31,41.3586,117.28,39.6704,0.81595,47.2623,M1CbFu3,0.356824,51.977,-0.787792,-0.205642,1650.35,2417.22,4797.93,1095.34,0.0738614,-0.259408,274.841,2.8318,13.3091,-108.54,2.09741,-0.779523,1.07512,6482.23,3773.68,,659.113,5.35825,,,
172.81,173.81,1,1,Inverse relationship,-0.581545,0.774,-0.847012,-0.927002,-0.738827,-0.466813,-0.790533,-0.867087,43.2007,113.293,30.1497,121.546,31.8765,0.92126,28.4936,M1CbFu3,0.322053,11.4673,-0.95006,-0.835793,2002.05,2810.05,3602.54,1316.89,-0.276635,-0.887353,326.562,2.7391,8.6958,14.85,3.03525,-0.834642,1.14106,6073.74,3744.87,,743.726,5.36718,,,
173.81,174.81,1,1,Direct relationship,-0.629816,0.2885,-0.950097,-0.980343,-0.92967,-0.625263,-0.873217,-0.919553,42.9648,76.8135,16.1304,160.357,48.0515,0.80163,23.3428,M1CbFu3,0.191942,6.21601,-0.971095,-0.931047,3052.78,3468.89,2845.66,1979.16,0.0361821,-0.967833,230.38,2.7505,8.87688,-84.3,2.9626,-0.847697,1.32317,6154.07,                              ,,945.872,5.37164,,,
174.81,175.81,1,1,Inverse relationship,1.86843,0.0785,2.51232,1.69994,8.65981,2.86235,3.81282,2.05387,6.21659,72.6033,16.0029,140.189,43.1081,0.09788,64.1541,M1CbFu3,0.430853,851.239,2.41379,2.57461,3597.97,4596.03,4885.37,2204.08,2.35582,3.74554,619.643,2.7285,6.03728,-217.23,0.657653,-0.0078544,0.198557,6051.64,3681.49,,992.165,5.38056,,,
175.81,176.81,1,1,Direct relationship,1.76524,0.048,2.74318,1.71794,8.72421,5.78838,3.63539,1.94128,7.38719,73.2748,17.2433,137.327,43.7545,0.17457,95.5246,M1CbFu3,0.434498,808.463,2.24244,2.3861,3754.5,5001.7,6158.91,2265.15,3.29545,3.19765,619.643,2.839,8.85219,-273.21,0.59746,-0.0078544,0.31816,6532.92,3776.11,,1003.79,5.37387,,,
176.81,178.81,2,1,Inverse relationship,1.81683,0.071,2.52881,1.77194,8.91741,5.78838,3.76107,2.02103,11.2272,77.844,19.4117,146.781,47.9023,0.29029,124.482,M1CbFu3,0.416692,834.787,2.34788,2.77024,3775.9,5032.11,6349.81,2279.67,3.16121,3.35727,412.762,2.872,22.9267,-236.76,0.863854,0.157503,0.426155,6648.88,3829.17,,1012.22,5.36272,,,
178.81,180.81,2,1,Direct relationship,1.18399,0.0795,0.896324,0.709963,5.11788,12.1996,1.99415,0.89987,16.8912,108.704,30.4789,162.225,52.2742,0.4904,161.215,M1CbFu3,0.481186,404.828,0.625613,1.29218,2585.56,3327.42,4428.89,1679.39,2.28124,0.55788,401.269,2.8645,13.0746,-84.09,0.934274,-0.265077,0.454213,6620.19,3813.77,,851.93,5.36495,,,
180.81,182.81,2,1,Inverse relationship,1.17969,0.0485,1.60229,0.844961,5.60087,7.26602,2.29911,1.09338,8.1234,98.4375,23.9266,153.501,46.6094,0.20121,121.164,M1CbFu3,0.445154,478.179,0.919431,1.65651,2569.03,2994.13,3127.3,1719.63,0.761804,1.39165,516.203,2.8264,18.3525,-26.79,0.735335,-0.173212,0.279327,6463.48,3718.79,,877.081,5.38056,,,
182.81,184.81,2,1,Inverse relationship,0.579956,0.0155,0.855099,0.619965,4.79589,1.34082,1.86477,0.817777,8.93006,85.749,20.7343,160.177,49.363,0.23577,78.9345,M1CbFu3,0.426506,521.367,1.09243,1.19856,3056.79,3714.48,3815.2,1953.19,-0.0771503,1.7907,322.252,2.8529,9.55592,-73.305,0.948817,-0.483258,0.276896,6577.18,3781.35,,932.628,5.38056,,,
184.81,186.81,2,1,Inverse relationship,0.431633,0.035,0.916936,0.563717,4.59464,-0.122192,1.80009,0.77673,2.07719,84.9385,20.6523,161.721,50.2396,0.04029,9.55738,M1CbFu3,0.495347,574.837,1.30661,1.45643,3031.09,3605.75,3657.8,1959.67,-0.748314,2.2356,322.252,2.8465,6.91694,-51.87,0.145148,-0.379909,0.0916928,6545.41,3858.46,,940.63,5.36607,,,
186.81,188.81,2,1,Inverse relationship,0.521916,0.073,1.25188,0.473718,4.27265,2.58438,1.72153,0.726888,12.6292,108.854,27.9268,167.944,53.3253,0.31619,78.9345,M1CbFu3,0.415991,480.235,0.927669,1.25636,2512.09,2957.24,3340.72,1676.88,0.0906405,1.68015,322.252,2.8233,18.3525,-31.08,0.924548,-0.379909,0.439928,6447.79,3859.13,,863.754,5.35156,,,
188.81,190.81,2,1,Inverse relationship,0.683136,0.093,1.64352,0.574966,4.63489,2.58438,2.03574,0.926257,12.5608,117.922,32.0003,151.149,46.2241,0.333,94.0164,M1CbFu3,0.445714,463.783,0.861766,1.52312,2136.45,2627.54,3276.66,1452.78,0.594013,1.41052,710.154,2.7835,37.705,-25.86,1.05269,-0.276561,0.327066,6291.09,3807.9,,793.32,5.37387,,,
190.81,192.81,2,1,Inverse relationship,0.507586,0.0715,1.3727,0.37997,3.93724,1.73096,1.59164,0.644469,9.98781,93.259,23.0141,156.767,47.886,0.22358,67.3716,M1CbFu3,0.438984,395.688,0.589,1.17362,2630.46,3107.91,3293.08,1738.61,0.640622,1.15467,1205.81,2.8517,37.3141,-35.715,0.719734,-0.448808,0.347851,6574.19,3795.78,,878.092,5.37275,,,
192.81,194.81,2,1,Inverse relationship,0.576373,0.0285,2.19718,0.319972,3.72258,4.78703,1.74772,0.743502,7.5879,86.7709,20.9043,157.377,48.0117,0.17067,48.6029,M1CbFu3,0.459735,408.484,0.640258,1.63798,3082.81,3808.13,4094.4,1957.48,1.01349,1.10913,631.137,2.8404,36.5321,-115.815,0.68456,-0.356943,0.268223,6526.51,3784.82,,933.335,5.36606,,,
194.81,196.81,2,1,Inverse relationship,1.15206,0.019,1.93871,0.838532,5.57787,3.43084,2.67008,1.32877,3.1636,79.6052,18.7641,153.268,45.6654,0.04176,7.61827,M1CbFu3,0.506564,539.582,1.16539,2.07412,3068.4,3687.92,3893.65,1966.1,3.21874,1.89355,663.975,2.8604,30.1651,32.55,0.355003,-0.291325,0.0756921,6605.71,3795.07,,939.523,5.35777,,,
196.81,198.81,2,1,Inverse relationship,0.637995,0.0325,1.6126,0.473718,4.27265,2.95013,1.92946,0.858824,2.67451,70.6098,14.7857,134.585,40.5547,0.04337,9.55738,M1CbFu3,0.467727,478.179,0.919431,1.40086,3321.31,4046.13,4025.39,2085.01,1.01349,1.55343,451.552,2.799,20.9915,-72.855,0.363414,-0.483258,0.130609,6351.5,3861.08,,965.999,5.36941,,,
198.81,200.81,2,1,Inverse relationship,0.39294,0.0365,1.55591,0.239974,3.43636,2.7063,1.52593,0.602771,7.86894,77.6664,18.1912,143.969,45.5217,0.18924,36.5374,M1CbFu3,0.461838,392.032,0.574355,1.07482,3596.09,4679.5,5756.91,2193.97,1.16264,0.986897,401.269,2.8794,24.0214,-160.185,0.70137,-0.540673,0.267764,6678.69,3808.42,,987.268,5.38279,,,
200.81,202.81,2,1,Direct relationship,0.372304,0.031,0.863344,0.214974,3.34692,2.16011,1.45446,0.557424,10.6225,78.7523,18.1753,151.113,47.0248,0.1931,81.0459,M1CbFu3,0.467166,367.536,0.476232,0.956255,3409.83,4323.66,5202.26,2113.35,0.677908,0.941359,309.322,2.8706,17.2969,-125.115,0.831194,-0.421248,0.305377,6641.75,3819.81,,968.738,5.37387,,,
202.81,204.81,2,1,Direct relationship,0.455995,0.053,1.22154,0.439969,4.1519,2.25114,1.69432,0.709623,11.7703,78.0824,18.5283,151.838,48.4665,0.25652,75.4153,M1CbFu3,0.453706,415.797,0.669548,1.1835,3578.6,4642.69,5722.21,2185.71,0.566048,1.27451,573.67,2.8743,18.548,-183.3,0.990466,-0.448808,0.54172,6661.05,3793.43,,984.424,5.36829,,,
204.81,206.81,2,1,Direct relationship,0.46746,0.0646667,0.932968,0.429969,4.11612,1.66593,1.66968,0.693986,8.58365,84.7089,19.9884,145.7,44.9748,0.2354,59.3279,M1CbFu3,0.44964,415.797,0.669548,1.16374,3164.84,4001.49,4982.49,1989.99,1.01349,1.48063,343.802,2.8496,18.548,-84.39,0.546379,-0.265077,0.215669,6559.93,3746.18,,937.327,5.38279,,,
206.81,208.81,2,1,Direct relationship,0.377463,0.0455,0.574773,0.358971,3.86211,1.69194,1.50252,0.587916,12.4627,75.6569,16.6227,146.564,44.9299,0.22064,25.5443,M1CbFu3,0.443471,388.924,0.561906,0.902903,3515.4,4493.46,5298.68,2157.71,1.4833,1.12471,361.042,2.8439,23.6305,-176.79,0.899351,-0.421248,0.392998,6534.46,3794.09,,977.075,5.36048,,,
208.81,209.81,1,1,Direct relationship,0.306956,0.0535,0.827617,0.459969,4.22345,1.01571,1.48486,0.57671,5.29654,72.9162,16.488,142.652,46.1045,0.04673,24.4718,M1CbFu3,0.455529,432.249,0.735451,1.02542,3749.94,4934.12,6314.11,2263.5,0.789769,1.33682,458.736,2.8445,11.5107,-272.67,0.6047,-0.448808,0.23293,6537.16,3832.17,,1004.31,5.35825,,,
209.81,210.81,1,1,Inverse relationship,0.540341,0.065,2.13306,0.568538,4.61189,6.60767,2.01527,0.913273,4.40373,72.9579,17.2321,139.713,46.6138,0.08996,26.5785,M1CbFu3,0.425805,468.131,0.879183,1.62951,3803.49,5098.38,6950.38,2280.32,1.58877,1.51452,663.975,2.8103,8.04793,-322.29,0.629599,-0.409437,0.0943984,6411.02,3797.71,,1004.95,5.36049,,,
210.81,211.81,1,1,Inverse relationship,0.266831,0.063,1.44598,0.219974,3.3648,1.861,1.27539,0.443797,9.56945,73.6753,17.9352,137.998,47.2904,0.27649,43.2405,M1CbFu3,0.409822,377.407,0.515774,1.0353,3828.1,5194.29,7367.76,2287.71,0.938916,0.97012,573.67,2.8537,3.69152,-349.77,0.649371,-0.448808,0.325336,6580.04,3904.12,,1006.78,5.3761,,,
211.81,212.81,1,1,Direct relationship,0.490389,0.0515,1.76662,0.41997,4.08035,2.57625,1.64093,0.675743,8.4511,73.8454,18.2151,138.021,46.2568,0.19127,71.3935,M1CbFu3,0.42917,445.045,0.786709,1.51942,3817.98,5146,7175.1,2286.81,1.16264,1.57649,631.137,2.8685,5.25536,-268.41,0.48968,-0.448808,0.192388,6637.68,3874.21,,1005.26,5.3538,,,
212.81,213.81,1,1,Direct relationship,0.39294,0.046,1.11161,0.369971,3.90146,2.05607,1.42736,0.540224,10.0931,72.981,16.913,137.886,44.9685,0.2231,47.2623,M1Cb3,0.447116,399.344,0.603645,1.20326,3587.6,4744.78,6536.85,2186.66,1.75923,1.17864,343.802,2.8426,9.16496,-230.16,0.896799,-0.540673,0.299176,6536.85,3836.86,,984.862,5.37833,,,
213.81,215.81,2,1,Inverse relationship,0.665632,0.0315,1.63836,0.735677,5.20988,2.76203,2.00999,0.909922,9.58276,71.7598,16.3879,134.291,43.0302,0.24757,67.9462,M1Cb3,0.433189,530.181,1.12773,1.5787,3678.11,4851.36,6344.62,2229.6,2.06818,1.90279,442.317,2.8487,8.04793,-225.96,1.03854,-0.291325,0.276291,6557.84,3824.65,,994.147,5.36742,,,
215.81,217.81,2,1,Inverse relationship,0.32661,0.022,0.972884,0.491397,4.3359,1.84242,1.88326,0.829505,5.4264,71.6443,16.3061,132.929,42.7016,0.10099,21.4075,M1Cb3,0.442186,659.45,1.64554,1.40594,3698.03,4909.97,6524.19,2236.13,0.438207,2.94435,368.431,2.8546,8.04793,-242.625,0.784163,-0.291325,0.194302,6580.04,3917.94,,994.454,5.36544,,,
217.81,219.81,2,1,Direct relationship,0.831459,0.028,1.29483,1.02496,6.24486,2.31616,2.45005,1.18915,6.90706,72.2852,16.6144,134.252,43.8956,0.18149,51.2842,M1Cb3,0.433364,731.136,1.93269,1.83657,3774.91,5080.44,6882.44,2265.1,2.24396,3.24223,430.002,2.873,7.21016,-310.995,0.503056,-0.173212,0.227881,6651,3852.87,,1000.26,5.35825,,,
219.81,221.81,2,1,Inverse relationship,0.509019,0.041,1.02,0.574966,4.63489,2.43808,1.77698,0.762071,3.3865,74.1224,17.9458,136.888,45.7873,0.05909,32.1803,M1Cb3,0.427313,521.367,1.09243,1.31194,3805.97,5180.67,7312.07,2275.4,2.77529,1.88507,322.252,2.8752,19.2322,-310.5,0.287712,-0.379909,0.15323,6664.21,3807.21,,1002.2,5.37052,,,
221.81,223.81,2,1,Direct relationship,0.444531,0.027,1.20322,0.309972,3.6868,2.38118,1.42325,0.537618,1.13098,73.9025,17.6091,137.72,44.8996,0.01388,4.36248,M1Cb3,0.428469,417.625,0.676871,1.09458,3640.45,4856.22,6580.89,2206.12,2.57954,1.17145,401.269,2.8784,27.931,-222.735,0.143342,-0.540673,0.0439587,6670.3,3795.91,,987.316,5.34822,,,
223.81,226.81,3,1,Inverse relationship,0.606672,0.005,1.61481,0.658536,4.93389,2.09323,1.96247,0.879766,1.1859,71.8398,16.4718,132.708,41.7445,0.013,0.72365,M1Cb3,0.474316,591.29,1.37252,1.53043,3510.81,4545.25,5628.49,2152.69,0.91761,2.48212,516.203,2.8324,2.01598,-139.41,0.128017,-0.52755,0.0706749,6490.28,3653.51,,975.174,5.3419,,,
226.81,229.81,3,1,Inverse relationship,0.970753,0.0025,1.99289,1.14195,6.66345,2.51123,2.91827,1.48625,0.956116,70.6112,15.7271,127.748,39.4887,0.01264,                           ,M1Cb3,0.66646,933.502,2.7433,2.38254,3453.92,4496.64,5592.21,2123.29,-0.731535,4.60837,516.203,2.8218,0.407455,-121.6,0.086226,-0.33857,0.0287993,6448.8,                              ,,967.712,5.36318,,,
229.81,230.81,1,1,Direct relationship,1.40411,0.006,1.30857,1.55595,8.14462,0.0533691,3.25835,1.70204,0.674906,71.1761,15.8169,130.555,40.6774,0.01668,                           ,M1Cb3,0.695934,959.826,2.84875,2.20115,3575.34,4712.22,5849.47,2177.7,-0.865767,3.91811,619.643,2.8175,1.81491,-174.3,0.0661566,-0.173212,0.0383628,6441.13,                              ,,979.493,5.33524,,,
230.81,233.81,3,1,Inverse relationship,0.547711,0.006,0.407973,-0.120788,2.14563,2.96139,0.873832,0.188998,1.22515,71.2258,16.0123,130.398,40.6493,0.00923,-0.07188,M1Cb3,0.48505,291.348,0.171049,0.532172,3533.18,4638,5786.78,2157.55,3.54326,0.363929,436.633,2.8355,2.7893,-133.63,0.142515,-0.618406,0.0615763,6505.82,                              ,,975.576,5.35093,,,
233.81,236.81,3,1,Direct relationship,1.54856,0,1.71257,1.30395,7.24304,3.68164,3.24356,1.69266,0.95723,70.8602,16.0215,128.048,39.5538,0.00868,1.41312,M1Cb3,0.482308,903.887,2.62468,2.36832,3432.36,4466.01,5459.96,2113.76,4.90624,3.96125,619.643,2.8394,1.81491,-80.3,0.117058,-0.173212,0.0169009,6527.22,3664.45,,966.256,5.35168,,,
236.81,239.81,3,1,Inverse relationship,0.536247,0.0025,0.992514,0.299972,3.65102,1.79598,1.40271,0.524587,1.13247,67.4035,13.6021,123.63,36.8358,0.01129,0.34062,M1Cb3,0.453566,439.561,0.764742,1.01554,3331.27,4166.56,4630.76,2080.19,1.98295,1.44467,688.604,2.8011,4.47344,-50.82,0.118973,-0.540673,0.0408622,6345.64,3713.33,,962.726,5.35614,,,
239.81,242.81,3,1,Inverse relationship,1.57952,0.0055,1.22612,0.51711,4.4279,2.42763,2.27931,1.08081,0.999772,67.4808,13.6917,123.35,37.4329,0.00987,0.72365,M1Cb3,0.449578,504.327,1.02417,1.62951,3493.64,4552.67,5437.8,2141.51,8.39629,1.34504,663.975,2.7959,6.03728,-110.07,0.099682,-0.173212,0.0226631,6338.51,                              ,,972.095,5.36143,,,
242.81,245.81,3,1,Inverse relationship,0.774709,0.003,0.929303,-0.0280208,2.47753,1.80898,1.23637,0.419039,1.09774,67.8104,13.4027,124.292,36.3365,0.0146,0.20656,M1Cb3,0.433719,344.502,0.383968,0.831766,3390.99,4398.89,5733.35,2094.52,5.24182,0.622113,464.482,2.8109,1.11118,-99.48,0.142192,-0.586606,0.0871397,6405.54,                              ,,962.351,5.30471,,,
78,79.5,1.5,3,,-0.676965,0.022,-0.606148,-0.869849,-0.534347,-0.459811,-0.621821,-0.760035,2.20418,66.4177,15.183,125.795,50.5996,0.025183,10.1375,M1Cb1,0.560153,37.3723,-0.846293,2626.53,2830.43,2707.77,1959.34,2154.73,0.125489,-0.83739,731.041,                              ,,453.8,0.281226,-0.783763,0.113773,                              ,                              ,-0.801463,1347.85,6.28859,-0.826437,11.2059,
126,127.5,1.5,3,,-0.450868,0.009,-0.719115,-0.969492,-0.89085,-0.404876,-0.583363,-0.735632,12.7182,61.4723,15.1922,107.581,41.6015,0.333102,15.3601,M1CC1,0.606109,21.42,-0.910193,1493.06,3314.75,3167.59,1858.59,2441.6,0.626718,-0.96344,349.646,2.6159,,459.3,0.769713,-0.495519,0.295341,5492.89,3226.97,-0.671909,1405.9,6.10329,-0.872524,18.7753,
129,130.5,1.5,3,,-0.562956,0.307,-0.603068,-0.980715,-0.931001,-0.331194,-0.698473,-0.808673,13.4582,70.2862,15.8434,128.227,44.16,0.210964,21.4075,M1Tc1,0.438298,14.0893,-0.939557,2379.82,2579.09,2459.33,1918.13,2021.3,-0.223368,-0.981511,220.658,2.599,,453.5,0.896769,-0.775586,0.305703,5383.06,3237.26,-0.723466,1292.21,6.11205,-0.919417,17.0012,
216,217.5,1.5,3,,-0.755164,0.005,-0.476659,-0.800174,-0.285065,-0.504063,-0.560808,-0.721321,0.582185,80.8538,21.0562,142.315,46.0992,0.00574339,                           ,M1CC2,0.710304,63.6946,-0.740855,3850.87,4108.25,4601.91,3802.23,2781.88,-0.931746,-0.550307,60.363,2.6192,,399.84,0.0599651,-0.761773,0.0308983,5509.68,2777.58,-0.781273,1432.85,6.68335,-0.71318,                          ,
220.5,222,1.5,3,,-0.789266,0,0.02013,-0.827631,-0.3833,-0.504063,-0.634737,-0.768231,17.1359,75.3602,19.596,137.182,41.8538,0.650163,13.3151,M1CC2,0.808976,36.3667,-0.850322,5555.03,3968.83,4345.25,3233.13,2703.69,-0.704233,-0.564931,86.6615,2.6388,,419.36,0.62055,-0.7898,0.214689,5611.73,3229.3,-0.781273,1410.04,6.695,-0.745048,11.6562,
225,226.2,1.2,3,,-0.745546,0.0025,-0.406787,-0.798648,-0.279607,-0.603251,-0.564567,-0.723706,18.9451,70.5542,16.6636,135.827,40.5801,0.419381,                           ,M1CC2,34.3581,60.3483,-0.754259,3850.87,2382.3,2092.02,1398.61,1939.53,-0.931746,-0.564931,86.6615,2.5667,,503.905,0.780826,-0.74776,0.507418,5185.32,2617.4,-0.781273,1214.71,6.65243,-0.745048,                          ,
118.65,119.15,0.5,4,,0.712333,10,1.61799,1.08281,-0.924463,-0.331194,2.06196,0.94343,10.4743,95.1849,46.0098,106.537,50.6979,0.41712,92.0081,M1CbFu1,0.353183,548.983,1.20294,0.98103,3214.63,5608.75,8150.4,1844.09,6.53956,1.57307,                            ,2.8092,5.03195,-67.62,3.4527,0.48694,1.46353,6396.03,3802.34,0.382668,735.898,,0.799685,49.0032,
123.15,123.65,0.5,4,,0.0375414,0.175,3.51008,0.183821,-0.961021,5.03211,0.515498,-0.0383373,11.2929,101.133,27.875,119.3,37.5777,0.70053,42.1469,M1CbFu2,0.494631,136.188,-0.450924,1.54369,937.678,889.054,844.131,779.004,4.82155,0.179749,520.181,2.7999,31.4797,721.5,5.85892,-0.0849602,2.84991,6357.54,3655.74,-0.255486,494.664,,-0.103257,79.4154,0.723839
124.65,125.65,1,4,Direct relationship,0.0397446,1.72,3.47127,-0.0792504,2.29424,2.1511,0.615078,0.0248112,16.8476,100.083,31.5817,126.158,35.4284,0.961196,82.5309,M1CbFu3,0.756242,105.562,-0.57315,2.39036,1856.26,2207.97,1620.02,1283.7,3.23349,0.36061,4096.84,2.7338,16.8639,553.62,6.49727,-0.491207,2.60806,6073.01,3500.65,-0.00731514,620.856,,-0.132184,131.829,-0.15422
418.77,420.4,1.63,2,,-0.116085,0.077,1.20963,,1.42569,1.5749,0.377556,-0.125903,4.2362,75.2555,28.5247,93.7194,37.3001,0.148531,0.608744,M1Cb,0.45117,,-0.0641743,0.493868,3361.19,4184.03,3597.9,2337.86,-0.68679,,688.604,2.589,3.22237,177.649,1.58074,-0.669285,0.664942,5334.32,3197.39,,1173.31,,,,                            
420.4,423.3,2.9,2,Direct relationship,0.923584,0.252,4.41807,,4.3359,2.92923,1.90438,0.842908,0.933322,77.8993,30.3403,95.3844,32.6748,0.056671,4.17096,M1Cb,0.388005,,0.892364,2.64575,4059.6,5291.63,4529.17,2680.01,-0.808239,,590.089,2.6235,8.04793,154.339,0.628925,-0.409437,0.245228,5515.32,3225.35,,1237.68,,,,                            
432.8,434.4,1.6,2,,0.34135,0.007,3.25528,,4.29501,1.79598,1.337,0.482889,0.594428,85.8995,40.09,107.124,47.7059,0.0480517,0.34062,M1Cb,0.467941,,0.401542,1.58858,5330.34,7966.55,8504.38,3258.83,1.53551,,343.802,2.6743,5.25536,62.955,0.328173,-0.448808,0.208094,5758.32,3147.26,,1384.13,,,,                            
434.4,435.4,1,2,Inverse relationship,-0.135861,0.007,1.99908,,2.38496,1.41397,1.31492,0.468881,0.385846,87.2024,39.9832,111.035,47.3675,0.0138407,-1,M1Cb,0.500819,,1.33133,1.46755,5333.1,8096.34,9250.27,3247.02,-0.748314,,192.951,2.732,3.3983,58.05,0.379575,-0.793303,0.154922,6074.84,3524.07,,1375.67,,,,                            
435.4,436.4,1,2,Direct relationship,-0.108223,0.005,4.63008,,2.62473,1.67522,1.32878,0.477677,0.276632,87.1521,39.1906,111.072,45.7821,0.021913,-1,M1Cb,0.389149,,1.33486,1.88357,5275.84,8046.89,9424.05,3211.55,-0.808239,,737.861,2.7398,5.03195,46.35,0.22714,-0.763775,0.0758323,6107.3,3535.62,,1362.54,,,,                            
436.4,438.2,1.8,2,Inverse relationship,0.315555,0.012,7.07312,,4.63489,0.853149,1.49513,0.583225,0.517342,82.8952,34.8645,104.091,41.9552,0.0324561,                           ,M1Cb,0.402085,,1.22973,2.89769,4655.16,6720.31,7266.63,2928.41,-0.888139,,516.203,2.7194,7.21016,134.963,0.29017,-0.586606,0.141593,6006.27,3424.65,,1295.13,,,,                            
438.2,439.4,1.2,2,Direct relationship,0.252239,0.006,2.0581,,3.03956,0.11721,1.15068,0.364665,0.887712,84.0422,37.1298,107.098,45.6017,0.0335997,                           ,M1TC,0.529111,,0.234187,1.07751,4667.63,6471.35,6171.68,2986.34,-0.87797,,610.24,2.6262,2.19876,108.705,0.520695,-0.3987,0.227115,5552.65,2934.55,,1335.53,,,,                            
439.4,441.4,2,2,Direct relationship,0.233479,0,2.55654,,2.95174,1.92603,1.11036,0.339078,0.555702,88.6345,42.0224,112.614,51.0155,0.0436575,0.0968708,M1TC,0.496738,,0.197042,1.5302,5352.71,7998.21,8589.22,3274.34,0.220297,,375.147,2.6667,2.19876,42.975,0.428793,-0.0980495,0.181281,5747.19,3120.29,,1392.68,,,,                            
441.4,442.4,1,2,Inverse relationship,0.322004,0.02,6.52346,,3.62866,2.87698,1.20865,0.401447,0.791729,89.8715,43.8794,116.182,52.5647,0.0413754,2.01639,M1TC,0.371547,,0.105526,3.66834,5642.63,8750.38,10212,3387.6,3.94983,,516.203,2.6347,6.03728,-13.35,0.42679,-0.173212,0.155551,5585.34,2972.82,,1410.95,,,,                            
442.4,445.4,3,2,Inverse relationship,0.515468,0.006,4.23035,,4.1519,2.21863,1.68457,0.703433,0.561687,88.9423,41.1777,114.039,48.9462,0.0173887,0.508197,M1TC,0.467911,,0.705246,2.41233,5314.45,8177.03,9785.29,3219.66,1.26518,,451.552,2.7137,5.15762,30.88,0.18789,-0.586606,0.08549,5974.58,3284.38,,1361.24,,,,                            
445.4,447.4,2,2,Direct relationship,0.415869,0.018,2.70562,,3.40058,2.25114,1.66968,0.693986,0.679166,87.998,39.3693,114.221,47.4455,0.0383984,                           ,M1TC,0.521045,,0.654903,1.96402,4929.95,7230.13,7890.65,3067.53,-0.925426,,458.736,2.6193,6.8192,70.14,0.428969,-0.632539,0.160204,5503.45,2818.26,,1335.04,,,,                            
447.4,448.4,1,2,Inverse relationship,0.521916,0,2.44739,,3.62866,0.609314,1.94332,0.867619,0.67906,88.1975,40.3673,112.786,48.415,0.0309334,0.508197,M1TC,0.520065,,0.977096,2.14557,5082.65,7530.12,8253.33,3136.92,-0.412732,,63.6503,2.6334,5.15762,48.87,0.380573,-0.483258,0.185695,5576.67,2869.14,,1351.91,,,,                            
448.4,450.2,1.8,2,Direct relationship,0.687743,0.008,2.74553,,4.61189,3.76524,2.31099,1.10091,0.422907,89.0816,41.1551,114.607,50.0735,0.0227168,                           ,M1TC,0.516319,,1.37252,2.12493,5081.39,7548.67,8334.34,3137.17,-0.904119,,590.089,2.6478,5.03195,53.1967,0.180361,-0.409437,0.0968148,5653,2837.69,,1354.06,,,,                            
450.2,452.4,2.2,2,Inverse relationship,0.658262,0.016,4.79498,,4.56589,4.60125,2.12617,0.983639,2.90195,90.1528,44.0075,115.659,53.0729,0.180837,16.2365,M1Cb,0.532309,,0.40468,4.20821,5520.47,8481.55,9788.49,3333.54,2.73934,,811.747,2.653,10.0586,-11.7655,1.28918,-0.291325,0.56827,5660.08,3062.85,,1399.24,,,,                            
452.4,454.4,2,2,Inverse relationship,0.457428,0.005,3.23581,,3.78966,2.07233,1.79084,0.770867,0.384644,90.0975,42.753,115.329,50.6754,0.0182532,0.508197,M1Cb,0.495965,,0.614629,2.49014,5381.73,8333.68,10133.3,3249.32,-0.580523,,580.853,2.728,3.3983,6.255,0.239837,-0.483258,0.0973433,6055.65,3685.92,,1369.02,,,,                            
454.4,456.4,2,2,Direct relationship,0.455995,0,2.24757,,3.40058,3.2915,1.63272,0.670531,0.582083,87.4922,39.0501,112.22,46.3998,0.0206395,0.34062,M1Cb,0.529724,,0.676871,1.8257,4904.56,7289.85,8325.74,3035.65,-0.701705,,458.736,2.6903,2.12768,67.2375,0.306937,-0.632539,0.117948,5872.61,3451.04,,1317.76,,,,                            
456.4,458.1,1.7,2,Inverse relationship,0.300078,0,2.99053,,3.12152,1.80898,1.14026,0.358055,0.951895,85.6594,38.8778,109.926,46.1184,0.0203097,2.61967,M1Cb,0.497955,,-0.00617951,1.98774,4832.88,7011.69,7474.7,3020.67,3.76526,,361.042,2.6203,3.92609,61.6976,0.335275,-0.255891,0.117479,5510.87,2862.35,,1319.77,,,,                            
458.1,460.4,2.3,2,Inverse relationship,0.691018,0,1.85823,,3.93724,3.35653,1.797,0.774776,0.763044,84.1578,36.3473,106.285,42.5112,0.0545897,0.34062,M1TC,0.543484,,0.772064,1.6281,4562.39,6508.87,6944.67,2886.36,-0.179689,,516.203,2.6249,2.9096,86.2539,0.40246,-0.540673,0.19569,5526.11,3132.48,,1283.24,,,,                            
460.4,461.5,1.1,2,Direct relationship,1.77556,0.006,2.94106,,6.92105,7.42695,3.89414,2.10547,0.594395,83.5233,34.4323,103.838,42.3195,0.0141089,1.41312,M1TC,0.721964,,2.54559,3.05478,4253.78,6038.65,6423.44,2727.39,0.879258,,929.965,2.6543,6.03728,117.48,0.19814,-0.0078544,0.0674263,5683.85,2872.31,,1245.24,,,,                            
461.5,462.8,1.3,2,Inverse relationship,1.40411,0.011,2.05885,,6.79225,4.1498,3.70932,1.98819,0.645409,84.4761,38.0448,107.637,46.6201,0.0257145,1.41312,M1Cb,0.963452,,2.69058,2.94808,4464.05,6162.42,6091.9,2872.94,2.49005,,723.084,2.5453,6.03728,83.4646,0.339686,-0.0078544,0.112501,5073.63,2692.24,,1299.8,,,,                            
462.8,463.8,1,2,Direct relationship,1.12552,0.478,2.99053,,6.14826,3.79868,3.34706,1.75833,0.840466,88.1875,42.3108,110.533,51.0456,0.0388594,3.82623,M1Cb,0.512543,,2.29516,3.10814,5074.54,7465.37,7840.24,3138.2,3.29545,,619.643,2.5762,10.2596,34.92,0.501305,-0.173212,0.183596,5242.3,2918.38,,1354.9,,,,                            
463.8,464.8,1,2,Inverse relationship,0.560609,0.306,0.953008,,4.3934,1.77972,2.01263,0.911598,1.12894,89.779,43.964,112.553,52.8829,0.0825861,2.01639,M1Cb,0.530015,,1.29837,1.4342,5305.86,8045.75,8980.35,3225.85,1.51686,,451.552,2.6544,6.91694,10.98,0.805128,-0.379909,0.286153,5678.85,3086.63,,1368.34,,,,                            
464.8,466.4,1.6,2,Inverse relationship,0.353051,0.506,0.911812,,-0.941249,0.62557,1.52229,0.621014,1.64093,91.2383,44.9373,115.562,54.0244,0.142065,6.79042,M1Cb,0.506448,,0.726649,0.777848,5437.15,8392.25,9935.71,3281.45,3.37042,,228.868,2.6804,5.25536,-24.3263,1.6091,0.376796,0.570776,5806.68,3202.73,,1379.9,,,,0.420151
466.4,467.4,1,2,Direct relationship,0.719679,1.005,2.27047,,4.52756,8.55835,2.40076,1.15788,5.35956,90.8232,44.7834,115.02,52.8964,0.359276,37.2077,M1Cb,0.438487,,1.4494,2.31971,5510.48,8644.26,10512.2,3290.56,3.36256,,171.401,2.7635,15.4203,-15.99,2.02219,-0.173212,0.85198,6211.16,3679.19,,1367.79,,,,                            
467.4,468.7,1.3,2,Direct relationship,0.614042,2.42,1.78559,,4.56589,-0.331194,2.09976,0.966885,5.38668,90.7942,44.1207,114.371,52.8499,0.30813,52.4333,M1Cb,0.472228,,1.20305,1.71843,5175.52,7959.65,9826.15,3152.2,1.68465,,146.772,2.7164,15.0852,4.14923,1.88963,-0.291325,0.83661,6001.89,3594.42,,1347.2,,,,                            
474.75,475.75,1,2,,0.644443,0.089,0.983926,,4.51414,1.85287,1.7816,0.765003,3.02654,90.6082,45.6779,112.571,55.1235,0.169287,23.1312,M1CbFu,0.476956,,1.09243,1.23413,5305.01,8036.5,9065.34,3218.56,1.43297,,322.252,2.7382,4.27796,-11.31,1.06164,-0.173212,0.517001,6098.96,3590.84,,1360.29,,,,                            
475.75,477.4,1.65,2,Inverse relationship,0.741175,0.068,0.834487,,4.95688,0.682465,1.74002,0.738616,4.04757,93.6661,46.7904,118.198,55.7696,0.234475,30.6721,M1CbFu,0.476353,,1.09243,1.20746,5431.21,8489.09,10238.1,3252.82,0.929595,,322.252,2.7673,4.27796,-17.2473,2.11718,-0.276561,1.02072,6222.3,3764.02,,1358.42,,,,                            
477.4,478.4,1,2,Direct relationship,0.552899,0.053,0.683066,,-0.933905,0.975067,1.61781,0.665318,8.2288,93.817,46.8239,120.277,56.1017,0.437917,60.3496,M1CbFu,0.457005,,1.10642,0.600063,5288.18,8169.53,9995.43,3197.68,0.680398,,192.951,2.7536,4.27796,-21.99,2.74627,0.239116,1.19081,6170.14,3711.14,,1351.67,,,,0.518283
478.4,479.4,1,2,Inverse relationship,0.842514,0.41,2.41574,,4.74989,2.51123,2.00999,0.909922,7.08854,95.2236,47.4892,122.189,57.098,0.350072,55.8806,M1CbFu,0.474271,,1.12773,1.82006,5399.48,8459.88,10272.2,3234.58,0.725849,,442.317,2.7599,5.03195,-20.52,2.55184,-0.173212,1.08383,6191.6,3665.62,,1352.53,,,,                            
479.4,480.4,1,2,Inverse relationship,1.23902,0.091,6.50285,,6.53465,5.08613,2.86652,1.45341,6.49024,95.947,47.6219,125.378,57.009,0.45928,97.9378,M1CbFu,0.445552,,1.54386,3.76615,5379.31,8383.47,10258.7,3231.48,3.56391,,1654.05,2.7141,8.85219,-28.89,2.59635,-0.0078544,1.27616,5982.93,3544.74,,1353.72,,,,                            
480.4,481.4,1,2,Inverse relationship,0.798293,0,3.62303,,5.11788,3.18004,2.18954,1.02385,1.1759,95.7094,47.2667,125.47,56.9481,0.0498248,4.17096,M1CbFu,0.523823,,1.01476,2.46791,5354.31,8376.73,10178.5,3206.93,-0.232956,,516.203,2.7382,5.03195,-8.37,0.619445,-0.291325,0.234709,6098.96,3625.96,,1340.46,,,,                            
481.4,483.4,2,2,Direct relationship,0.216673,0.018,3.39727,,2.2736,1.14575,0.681899,0.067211,1.49852,95.238,46.2033,126.311,54.9097,0.0893032,4.02732,M1CC,0.471665,,-0.310213,2.21597,5234.75,8117.64,9672.98,3151.13,3.86593,,386.902,2.711,1.9322,6.63,1.03232,-0.242111,0.398588,5971.9,3445.32,,1323.31,,,,                            
493.4,494.4,1,2,,0.214719,0.006,3.92819,,2.60048,2.13883,0.962496,0.245257,0.720167,92.5791,40.82,118.309,48.1001,0.04347,0.0968708,M1CC,0.521401,,-0.0402095,2.45982,5278.37,7962.14,8697.29,3257.24,0.0982674,,375.147,2.6552,0.919257,56.52,0.451167,0.0522756,0.199155,5707.55,2890.15,,1396.73,,,,                            
494.4,495.4,1,2,Inverse relationship,0.21524,0,5.06915,,3.40058,1.60091,1.452,0.555861,2.51533,92.4741,40.9053,120.826,46.7562,0.0715034,9.72496,M1Cb,0.507481,,0.0149095,4.69093,5134.86,7606.78,8060.86,3185.82,0.267753,,458.736,2.5591,6.8192,72.51,1.15138,-0.448808,0.5466,5146.38,2704.68,,1372.47,,,,                            
495.4,496.4,1,2,Inverse relationship,0.229571,0.111,2.65867,,1.67523,0.316711,0.549442,-0.0168367,18.7034,92.8717,39.83,124.464,45.4607,0.801181,64.3552,M1Cb,0.56039,,-0.287147,1.83805,5209.59,7730.73,7446.38,3207.93,1.85244,,430.002,2.6584,7.7966,131.46,3.9023,-0.517707,1.66888,5693.21,3206.27,,1364.51,,,,                            
